id,data
0,"""Johnson"" - Josefa"
1,"'Williams, Gabriela'/Sullivan, A./<Cooper Alejandro>"
2,Bailey BN-Y-R-V
3,"JV-W-C-F-W
Sullivan Logan;Noemí Martinez"
4,"Bailey, Amelia <bailey@kkqcv.vu> - write message to Executive Reed Zoé - Myers, Elijah <myers@rkqlv.ja> - Carter, Keven"
5,"Brown - Parker JQ-Q - ""Gabriel James"""
6,"[Lewis, M.] / {Diaz Thomas} / <WX-O
Gray Lovelie>"
7,"Marcos; ""write message to  Thompson Iker""; Moore, Nathan"
8,"new Chief Scott Sofia

IG-A-O-G-L
White Chloe

{Baker Béatrice}

Hughes OT-A-B-T"
9,"'Myers, Elijah <myers@vpzte.ru>' - {Dyllan Jackson} - Hernandez, K. - (King)"
10,"{Chloe}; Martin, M.; Raquel Amanda Garcia; Myers Elijah"
11,"(Sophia)

Russell RD-U-Q

'Jones'

Chloe Parker"
12,"(Phillips, João)

<AQ-F-R
Robinson Mariana>

<Johnson, Maximiliano <johnson@btsuy.rt>>"
13,"<White, Chloe <white@octgw.ya>> - (Martin)"
14,"""Rodrigo""; {Susan Stewart}"
15,Campbell HI
16,"""Clark, Carolina""; Diaz Thomas; PN-B-I-R
Williams Gabriela"
17,"Hernandez, K./send PDF to  Jenkins Emmanuel"
18,"Allen, Tianna <allen@zouzc.ym>/SM-H
Morgan Sophia"
19,"""Ian Bennett""
(Ava)
Nelson SQ-G"
20,Parker Chloe
21,"(remember CEO Wright Lovelie) - Reed, Z. - ""Foster"""
22,"'Long, Angel'

[Sebastián]

Ward Jesús"
23,"<Gomez, Kevin>/{send mail to CEO Foster Ricardo}/(Lopez, S.)/(Richardson, Stanley <richardson@vrekh.xo>)"
24,Turner; Adriana Rodriguez
25,"UV-I-N-I-Q
Martin Milagros"
26,"(Campbell JQ-T-O-O-A)/""Ward YL-Q-T-B-N""/(Long)"
27,"Stevenson
WD-B
Parker Chloe
Roberts, M.
Myers, Elijah <myers@yphff.nl>"
28,send PDF to Executive Wilson Amilia;[Baker Béatrice];Joshua_Ariana Sanchez
29,"Ward, Jesús"
30,"{Mason} - Rivera MV-A-R-A-J - Russell, N. - <Edwards, Margaret>"
31,"""Rodriguez, Adriana <rodriguez@szeac.pk>""/Thomas"
32,"""Lucas Nelson""; Jackson José; <SI-U-J-F-N
Rivera Camila>; <TODO CEO Campbell Mikaela>"
33,remember Developer Nguyen Emma
34,"(Justin)
[Reed]"
35,"[Sullivan, Arthur <sullivan@molim.tl>];NJ-V-S-C-W
Brooks Alonso"
36,"[Watson, L.];Campbell, Mikaela;Cooper IN-R"
37,Isabella Adams - [Lee Zoey]
38,"Foster, Ricardo <foster@yregj.ok>; ""Kelly DI-M-Y-E"""
39,Alice
40,"(AA-W
Lewis Martín); new Executive Jones Olivia; Mariana Robinson; {Evans Mason}"
41,"[Kelly, B.] / Perry / <Moore, Nathan> / Campbell Mikaela"
42,Juliana
43,"<Butler ZP-J>
Flores, Jacob
{Nguyen, Emma <nguyen@ngcye.wo>}
send mail to CEO Wood Daniela"
44,Mitchell; (Alejandro Cooper)
45,"{Kelly, B.};[NY-L-Q-H-W
Carter Keven];{Long};<Raquel A Garcia>"
46,"Carolina
Garcia, R A
KS-J-P-M-O
Brooks Alonso"
47,"[Diaz, T.];Agustín_Charles Morris;Marcos Powell;remove CEO Rivera Camila"
48,"{Wilson, Amilia <wilson@nxwgs.tk>} - Lopez, Sofía - <JW
Baker Béatrice>"
49,"""Fisher Heitor"" - (TODO Executive Wilson Amilia)"
50,Gabriel James
51,Hernandez PB-J-L
52,"Long, A.; {Murphy}; Hernandez, Kamila <hernandez@vwinw.jd>"
53,"Heitor/{King, Lovelie}/Tomás Hughes/[Adams QI-L]"
54,"TD-Y-K-G
Jones Olivia"
55,"Agustín_Charles Morris/[Moore, N.]"
56,Flores
57,"(remove  Green Justin);<Williams, Gabriela <williams@rhune.oy>>;{Lovelie};'MX-Y-N-W
Fisher Heitor'"
58,send PDF to Admin Russell Nicolás
59,"Lopez

[Sebastián Smith]

<Barnes RU-P>"
60,"{Adams Isabella} - Rivera, C. - Thompson, Iker"
61,"(Campbell, Mikaela <campbell@ssjao.ea>) - (João) - Martinez, Noemí <martinez@kyukj.wb> - {old CEO Carter Keven}"
62,Maximiliano Johnson - [Josefa] - Wilson Amilia - [Thompson]
63,"<Fisher, Heitor>; 'YC-H-G-B
Hughes Tomás'; Sullivan, L."
64,"'Jackson ZY'; <SK-H
King Lovelie>"
65,"{Rogers, F.};Bailey;Jackson, José"
66,<Gabriel James>;'Paula'
67,"Butler, Victoria <butler@ppzge.ss> - ""remember Executive Gomez Kevin"" - ""Wood Daniela"" - ""Evans EV-O-F-O-S"""
68,"Ortiz, A.;Fisher, Heitor"
69,"(remove Executive Adams Isabella)

""GH-K-L-M
Wilson Amilia""

""Isabella""

White, Chloe <white@pyhhg.qo>"
70,<Stewart TK>; Dyllan Jackson
71,"Green Justin

Rodriguez

<Peterson, F.>"
72,Hughes Tomás
73,"{Watson, Lovely}
Lucas
{RJ-R-E
Long Angel}
(Jones RC-Z)"
74,"[Joshua-Ariana Sanchez]/<Cook, Stevenson <cook@lvrhy.qc>>/'Wood'/Dorothy Mitchell"
75,"(Reyes, Isabella <reyes@odwrq.wh>)/{João}"
76,"old Developer Phillips João - (Harris, Amaia) - {Cooper Alejandro} - QM-I
Gomez Kevin"
77,"Benjamín Kelly / Powell / {Richardson BY-J} / ""Walker, J."""
78,"UO-C-K-M
Gutierrez Peterson"
79,"David Cox - White Chloe - Rogers, F. - (Jenkins KS)"
80,"Parker, Chloe <parker@glqgk.nx>

'Nelson, Lucas'"
81,[Adams]/(send mail to Developer Russell Nicolás)/Matías/Wood Daniela
82,Sullivan
83,Angeline
84,"CU
Cox David;(new Admin Turner Matías);[Sullivan CS]"
85,A. C. Morris
86,"Anderson, Alexander"
87,"Perry, I.
{Cooper, Alejandro <cooper@pkymx.tz>}"
88,"'new Executive Gomez Kevin' - Bell, Rodrigo <bell@izbtt.or> - Morales Linda"
89,"EN-Q
Stewart Susan

'Jackson, Jameson'

Sanchez, J. A."
90,"""Olivia"" - Wilson UA"
91,{Hughes} - Lovelie Gray - (Joshua-Ariana Sanchez) - Flores
92,Jesús Ward
93,"'QU-Q
Powell Marcos'; ""Myers, Elijah""; 'Camila'"
94,Roberts Maite; King QM-D-R
95,"{send PDF to  Williams Gabriela}
(Kelly, B.)
Emmanuel Jenkins"
96,"{Patrícia_Liam Price} - IS-Z-G-R-V
Nguyen Emma - Kelly, Benjamín <kelly@ggwoh.qh>"
97,"Torres William

<Allen>"
98,"Evans RL-P-R-M-R - (Roberts, Maite) - Amelia"
99,"Edwards, M.;Isabella Perry;{Reyes Isabella};'Wright, Lovelie <wright@ngpfv.yu>'"
100,"[Susan]

Clark, C."
101,"Kelly, Benjamín; <Myers BW-A-K-B>"
102,"UO-S-B-R
Sullivan Antonella
[TODO CEO Martin Milagros]
{Parker}"
103,Lovely/Moore
104,"Lewis, M."
105,"Peterson, Francisca <peterson@wkdka.pu>"
106,"Carolina Clark;'RR
Taylor Ava';write message to Executive Reed Zoé"
107,"Watson, Lovely - Hernandez NV-D-N - 'Thompson Iker' - <Lee, Z.>"
108,Lewis
109,"PJ-Y-Z
Rogers Florence"
110,Walker PW-F-P-E
111,old Contact Jackson José
112,Sebastián
113,"Martín Lewis/Baker, Béatrice <baker@gndjs.kt>"
114,"'Jenkins, Emmanuel'; Powell Marcos"
115,'Cox RY' - send mail to Chief Robinson Mariana
116,"Watson, L."
117,"Wood, Daniela; Lewis; ""Moore, Josefa <moore@sexqz.ep>""; (Murphy Esther)"
118,"João / [Zoey Lee] / BW-A-A-S-X
Jackson Jameson / old Executive Ward Jesús"
119,"Baker, B."
120,Iker Thompson
121,"Bell Rodrigo;<Williams, Gabriela <williams@bgupb.yb>>;""Young, Agustina"""
122,"Thompson RL-F-L;(Bailey);(VB-B
Scott Sofia);(Chloe)"
123,"Harris, A."
124,"Carter, Keven"
125,"'Mason' / <Butler> / <J. A. Sanchez> / XF-H-O-S
Reyes Isabella"
126,"Ward, Jesús <ward@lkxoc.xw> / Martin Milagros"
127,"new Developer Lopez Sofía / Alexander Anderson / <NM-A
Ortiz Alice>"
128,'James JH-C-H-T-A'; <Torres William>
129,"""Moore, Nathan <moore@pnexr.dj>"";{King};Elizabeth Barnes"
130,"Parker, Chloe/new Executive Myers Elijah"
131,"Wood, D.;Stanley"
132,'Phillips João';[Sophia]
133,Thomas / send mail to Admin Jones Olivia
134,"Chloe White / Sullivan, A. / 'Cox, David' / Gray, Lovelie <gray@hqtso.pp>"
135,"{Smith LT-U-C-R-I}/BH-F-S-P-M
Watson Lovely/(Nelson)/""Joshua A. Sanchez"""
136,"write message to Contact Young Agustina; MA-X
Barnes Elizabeth; Gray Lovelie; Mikaela Campbell"
137,"Brown, Chloe <brown@smguy.av>"
138,"Anderson, Alexander"
139,"Roberts, M. / Julieta / Brown, C. / send PDF to Executive Jackson José"
140,"Barnes, Elizabeth <barnes@fgsfx.rg> / Martin / Adriana"
141,"QC-H-J
Powell Marcos; 'Butler Victoria'; (Ward, Jesús)"
142,"Brooks QX - Gabriela Williams - [Jesús] - {Evans, Mason}"
143,"Taylor, A."
144,"Ava Taylor

[new Contact Cruz Valentina]

Thompson, Iker <thompson@icwbs.ih>"
145,Thomas Angeline
146,"Nguyen;""Johnson II-N"";""XD-L-K
Wright Lovelie"";César-Francisco Howard"
147,"SA-X-L-D-F
Lee Zoey"
148,"(Mitchell, Dorothy <mitchell@choqc.cy>)/<Keven Carter>/(Francisca)/send PDF to CEO Russell Nicolás"
149,"(Lewis, M.)/(Clark DI-G-M-F-A)/James Gabriel/Bailey, Amelia"
150,"(Gomez, Kevin <gomez@ssmlj.gw>)/Harris, Amaia"
151,"(Morales, L.) - {Morris, A. C.} - ""Carter"""
152,"{Parker Chloe} / GQ-W-T
Gray Lovelie / send PDF to  Edwards Margaret"
153,Benjamín Kelly
154,"{Arthur}

[Carter Keven]"
155,"'Butler, V.'
<old Chief Young Agustina>
Stewart EQ-F-U-S"
156,"[P. L. Price]

Richardson, Stanley

(Lopez)

(Mikaela Campbell)"
157,"Ricardo
(TU-U-V-K
Watson Lovely)
{Lee MR-T-Z-H-S}"
158,"[Stewart, S.];(remember Developer Rivera Camila);{Gutierrez Peterson};Jenkins, Emmanuel <jenkins@ewsbn.fk>"
159,"[Julieta] / <Sullivan> / ""Zoey Lee"" / 'BT-K-O-K
Cooper Alejandro'"
160,"Cruz, Valentina
Juliana"
161,Carter
162,Valentina Cruz
163,"send mail to  Diaz Thomas - <ED-D-F-X-K
Kelly Benjamín>"
164,"(Clark EI-H-M-P);{Walker Juliana};Young, Agustina;'Wilson, Amilia <wilson@abswr.sk>'"
165,"Diaz, T."
166,"Gomez, Kevin"
167,"TV-L-C
Parker Chloe

'Camila'

Torres

""Justin Green"""
168,"<King, L.> - [Davis Paula] - Morris, A. C. - (Butler HY-N)"
169,"Brooks, Alonso <brooks@cjgre.ma>"
170,Chloe
171,{Davis}; {Tianna Allen}; Martin Milagros
172,"Johnson, Maximiliano <johnson@uwtwl.sm>;""remove Executive Phillips João"";Martin, Milagros;Diaz QY-G-K-W"
173,"[Rivera, C.];QV-D
Diaz Thomas;ML
Thomas Angeline"
174,"""Gray EO-G-J-B-N"";(Turner, M.)"
175,"Florence/King, Lovelie/[Walker]"
176,"Roberts, Maite <roberts@grvnv.wo>"
177,send mail to Chief Turner Matías
178,'Perez Brianna' / 'Chloe Brown'
179,"(Iker Thompson) - ""Linda"" - {send mail to  Taylor Ava}"
180,Rivera
181,"Walker Juliana; <Butler, Victoria>; Cooper, A.; ""PJ
Myers Elijah"""
182,"""Cook PQ-R-Z-F"" / [Nguyen, Emma <nguyen@rastk.of>]"
183,Scott
184,"'Davis PP-G-U-T'/(Cox, D.)/Gray, Lovelie/Tianna Allen"
185,"Keven / Clark Carolina / {HW-J-N-E
Edwards Margaret} / Wood, Daniela <wood@mmuez.gb>"
186,send PDF to  Lopez Sofía
187,<Arthur>;(Parker ZH)
188,"Morgan, Sophia <morgan@iikck.er> / <remember Admin Russell Nicolás>"
189,"Butler Victoria - (SK-R-E-U-Z
Morgan Sophia) - Scott, Sofia - ""Wilson"""
190,"Anderson, A.;Matías Turner;Foster Ricardo;{James, Gabriel <james@jfoiz.ph>}"
191,"[King BQ-E-W];[Howard, C F];""Camila"";{send mail to Executive Ross Jayden}"
192,P. L. Price
193,"'Myers, Elijah'; 'Lee'"
194,"Noemí Martinez; Ortiz, Alice <ortiz@wxiwe.dw>; {Josefa}"
195,"{Gutierrez, P.}; Clark NS-Q-Y-C; 'Jenkins'; EN-Y-V
Wright Lovelie"
196,"<Alexander Anderson>;(send mail to Executive Peterson Francisca);[Roberts, Maite]"
197,"Phillips João - 'Smith MD' - (send PDF to Contact Cook Stevenson) - <Jackson, D.>"
198,Peterson
199,"Johnson, Maximiliano;""César F. Howard"";(Lewis Martín);[Tianna Allen]"
200,Turner
201,"'SD-R-W
Perez Brianna' - Benjamín Kelly"
202,"Morris, A. C."
203,"'Long, A.'; {Kevin}"
204,"DN-C
Carter Keven; Gomez Kevin; [Taylor BH-H-H]; remove Chief Hughes Tomás"
205,"Powell, Marcos <powell@sigku.me>;Barnes"
206,"Johnson, Maximiliano <johnson@mohbn.ol>"
207,"Cox

Flores Jacob"
208,"<Lovely Watson>;XE-C-M
Jackson Jameson"
209,new Contact Hughes Tomás/{Elijah}
210,"Jones JI - {Rodriguez, A.}"
211,"Parker, Chloe / William Torres"
212,"""remember CEO Anderson Alexander"" / [Moore, J.] / EW-Y-P
Peterson Francisca / [Robinson, Mariana <robinson@pnxli.fs>]"
213,<Barnes IU-G-X-I> - (Brown Chloe) - William
214,Barnes
215,"<Torres, William> / Richardson, Stanley / 'Hernandez Kamila' / (Reed, Zoé <reed@piayv.yo>)"
216,"Adams, I."
217,"Béatrice Baker - ""Noemí"" - Edwards"
218,"Butler JY-O
new Admin Smith Sebastián
""CT
Gutierrez Peterson""
[Sullivan Arthur]"
219,"(Julieta Miller) - Joshua_Ariana Sanchez - Jackson, Jameson <jackson@jghkq.oz> - (Rogers)"
220,write message to Executive Nelson Lucas
221,"{Chloe}/Wright, L./Richardson LL-B"
222,"Ross, Jayden;Gomez AL-Z;Allen, T.;Sullivan"
223,"<write message to Developer Moore Josefa>;Martinez Noemí;Butler, Victoria <butler@typfy.it>;Julieta"
224,"Ortiz, Alice
AO-I-I-Y-J
Watson Lovely
<Mariana Robinson>"
225,"Martin, M.;Ward RA-C-G-A;(Jones);<Reed, Zoé>"
226,"""Sullivan, Arthur <sullivan@vvhjc.rl>"";""Benjamín"";Rodriguez Adriana"
227,Mason Evans
228,"GC-E-R-V-G
Turner Matías"
229,"[send mail to CEO Ross Jayden];(MK-N
Nelson Lucas);Myers AH;(Tomás Hughes)"
230,"(Rivera, Camila)
[old Chief Martinez Noemí]
""Martin"""
231,"""Campbell Mikaela""
[Wilson, Amilia <wilson@lisnz.jo>]
<Peterson, F.>
Marcos"
232,{Scott};'Tomás Hughes'
233,Matías
234,"JI-C
Peterson Francisca; ""Bailey, A.""; Young, Agustina"
235,Carter AE-H-S; {send mail to Admin Green Justin}
236,"Diaz, Thomas <diaz@mkbgr.rh> - Hughes Tomás"
237,[Cruz WT]; remove Admin Phillips João
238,"White, C./<Cook Stevenson>/""Kelly"""
239,"Morgan, Sophia; C F Howard; Martín Lewis"
240,"'Heitor'
'QS-R
Baker Béatrice'
{EM
Brooks Alonso}"
241,"[Cox, D.] / ""Lewis PC-F-A"""
242,"James Gabriel

remove Executive Morgan Sophia

{Sullivan}

<Wright, Lovelie>"
243,Esther
244,"Stewart, Susan <stewart@zzlyh.xt>
Jameson Jackson
Victoria
send PDF to Executive Jackson Dyllan"
245,"Rogers, F.
Russell Nicolás"
246,"Hughes JB-F-L; (Adams, Isabella <adams@iosdm.wh>); (GP-Y-O
Cooper Alejandro)"
247,"""Julieta Miller""

(Perez)

'Williams, Gabriela'

Torres, William"
248,"Young VT-Z/Phillips, João <phillips@kzvpx.ew>/Cruz, V./<Gomez>"
249,"Davis Paula; [LM-D-V
Hernandez Kamila]; new Admin Moore Josefa"
250,Chloe White
251,"'Elizabeth'/""DS-T-K-N-A
Sullivan Antonella""/'Raquel A Garcia'"
252,Thompson
253,send PDF to Executive Bailey Amelia
254,"Esther Murphy
Moore Nathan
'Butler, Victoria <butler@wrkik.rr>'
Bailey SV-F-D-Y"
255,"Nguyen, Emma
(William)"
256,"Walker, Juliana <walker@vwcuz.gd>;new CEO Wood Daniela"
257,"Gutierrez, Peterson"
258,Edwards Margaret
259,"Arthur

<Moore, B.>

Allen IB-R

""Paula Davis"""
260,"FD
Williams Gabriela/(Green)/Nelson, Lucas/[Young, Agustina <young@qziqp.av>]"
261,"{Victoria Butler} - (QY-V-M
King Lovelie) - ""send PDF to Executive Lee Zoey"" - ""Ortiz Alice"""
262,"(Cruz MB) - Jackson, J."
263,"<Julieta>
(Taylor)
[Roberts, Maite]"
264,"Fisher Heitor;[Thomas, A.];{WF-X
Lopez Sofía}"
265,"Lovelie King

Kelly, Benjamín <kelly@yubcu.ka>"
266,"{Stanley}

Joshua A. Sanchez"
267,Reyes
268,"<Garcia, R. A.>;Richardson Stanley;[Paula];Lee, Z."
269,"'Allen, Tianna <allen@idyha.tr>'
Peterson
MG-D
Anderson Alexander
[send PDF to Admin Reed Zoé]"
270,Adriana Rodriguez
271,"Evans, Mason/Smith PX-D-X-W"
272,"{remove Contact King Lovelie}; [Cruz QJ]; {Jackson, Dyllan <jackson@nbzoi.qd>}; <SF-S-C
Harris Amaia>"
273,"[R. A. Garcia]; Ortiz, A."
274,"""Francisca Peterson""/Chloe"
275,Fisher Heitor
276,"'Lee, Zoey' - Alexander Anderson - {Jenkins} - 'Jackson, Jameson'"
277,"Julieta - [Edwards, M.] - (Sullivan AT)"
278,"(old Executive Moore Josefa) - Russell Nicolás - LR-R-C
Mitchell Dorothy - ""Agustín C. Morris"""
279,Hernandez Kamila
280,"Rivera, Camila <rivera@vacmj.cw> - [Phillips]"
281,send mail to Executive Murphy Esther; Flores DZ-B-L; <Amaia>; [Jesús Ward]
282,"Harris, Amaia / [Edwards, M.] / Morris, A. C."
283,'send mail to Executive Thomas Angeline'/[Jackson]/(Tomás)
284,Campbell Mikaela
285,"'Jayden Ross'

Thomas, Angeline

'IU
Turner Matías'

Clark NJ-X"
286,"Long, A.;César F. Howard;Jackson, Jameson <jackson@yskxu.qh>"
287,"(Williams)

GC-R-U
Cruz Valentina"
288,Alexander Anderson; TODO Executive Reed Zoé; Campbell IA-X-L-R
289,Isabella
290,"""Bennett Ian"" - 'Lopez, Sofía'"
291,"Richardson, S."
292,"[Torres, William <torres@yepxp.ij>]

Rodrigo

Baker, Béatrice"
293,Hernandez
294,"Angeline Thomas;<Gutierrez Peterson>;{Lee, Z.}"
295,old Executive Rodriguez Adriana
296,"ZY
Brown Chloe - Cruz AZ - 'KH-A-Y
Young Agustina'"
297,Peterson Gutierrez;{Watson};old Chief King Lovelie
298,"<Myers BG-D-X> / 'Ward, J.'"
299,"[Tomás] - ""Nguyen, Emma <nguyen@iwawg.yg>"" - R A Garcia - Murphy Esther"
